{"Salida_Clasificacion_Yp_accuracy": [0.8164227604866028, 0.825928807258606, 0.8277495503425598, 0.8288372159004211, 0.8296695351600647, 0.8305890560150146, 0.8311442136764526, 0.8317660093307495, 0.8319538831710815, 0.8324741721153259, 0.8328286409378052, 0.8332550525665283, 0.8335307836532593, 0.8338549137115479, 0.834391176700592, 0.8344457149505615, 0.8347736597061157, 0.8350569009780884, 0.8352212905883789, 0.8354280591011047, 0.8359801769256592, 0.836207389831543, 0.8361634612083435, 0.8366148471832275, 0.8365906476974487, 0.8367739319801331, 0.8366360664367676, 0.836810290813446, 0.8372048735618591, 0.8373101353645325, 0.8373033404350281, 0.8373147249221802, 0.8375957012176514, 0.8376880884170532, 0.8378396034240723, 0.837904691696167, 0.8382243514060974, 0.8382023572921753, 0.8383970260620117, 0.8386848568916321, 0.8383439779281616, 0.8386144042015076, 0.8386439085006714, 0.8386340737342834, 0.8392278552055359, 0.8389264345169067, 0.8391241431236267, 0.8394747972488403, 0.8393785953521729, 0.8397300243377686, 0.83973228931427, 0.8397497534751892, 0.840002715587616, 0.8403056263923645, 0.8404450416564941, 0.8405904173851013, 0.8407881259918213, 0.8408532738685608, 0.8412721157073975, 0.8412879705429077, 0.8415228128433228, 0.8416833281517029, 0.8417598605155945, 0.8417636156082153, 0.8419817686080933, 0.8423241376876831, 0.8424081802368164, 0.8425119519233704, 0.8424074053764343, 0.8426263332366943, 0.8428762555122375, 0.8427573442459106, 0.8427134156227112, 0.8428724408149719, 0.8430784940719604, 0.8429602980613708, 0.8430693745613098, 0.8433132767677307, 0.8431390523910522, 0.8433185815811157, 0.843324601650238, 0.8434814214706421, 0.8432844877243042, 0.8435752987861633, 0.8436828851699829, 0.8438994884490967, 0.8438161611557007, 0.8439540266990662, 0.8436934947967529, 0.8439456820487976, 0.8438146710395813, 0.844160795211792, 0.8440032601356506, 0.8442872762680054, 0.8441797494888306, 0.8441888093948364], "Salida_Clasificacion_Yp_loss": [0.544957160949707, 0.5098077058792114, 0.5018277764320374, 0.4974595606327057, 0.49406492710113525, 0.49140065908432007, 0.4895123839378357, 0.4880865514278412, 0.48685503005981445, 0.4851953387260437, 0.48441773653030396, 0.4829472601413727, 0.48198413848876953, 0.4810935854911804, 0.4803013205528259, 0.4794197976589203, 0.47863978147506714, 0.47804713249206543, 0.4774813652038574, 0.47686445713043213, 0.4760483205318451, 0.47536733746528625, 0.47498759627342224, 0.47426214814186096, 0.4739544689655304, 0.4734012484550476, 0.4731305241584778, 0.4724210798740387, 0.47223788499832153, 0.4717566668987274, 0.4716458022594452, 0.47111135721206665, 0.4707784950733185, 0.4704374670982361, 0.47031548619270325, 0.46987852454185486, 0.4697955250740051, 0.46947890520095825, 0.4691964387893677, 0.4688277244567871, 0.46885642409324646, 0.46860310435295105, 0.468580424785614, 0.46799418330192566, 0.467813104391098, 0.4676673412322998, 0.4675862789154053, 0.4671391248703003, 0.4670192301273346, 0.46652668714523315, 0.46598103642463684, 0.4657232165336609, 0.46584418416023254, 0.4650220572948456, 0.4650792181491852, 0.46463286876678467, 0.4642031490802765, 0.46398603916168213, 0.4636032283306122, 0.46360716223716736, 0.4631273150444031, 0.46233075857162476, 0.4623914659023285, 0.46184295415878296, 0.46179404854774475, 0.46083059906959534, 0.46082592010498047, 0.4603571891784668, 0.4608067572116852, 0.4601898193359375, 0.45986366271972656, 0.459383100271225, 0.4593181014060974, 0.4589744210243225, 0.4590899348258972, 0.4591277539730072, 0.4591748118400574, 0.4583204388618469, 0.45884576439857483, 0.4581052362918854, 0.4580964148044586, 0.45744577050209045, 0.4578627347946167, 0.4573820233345032, 0.45726367831230164, 0.45703718066215515, 0.45706063508987427, 0.45651760697364807, 0.45692119002342224, 0.456073522567749, 0.45650362968444824, 0.4559890925884247, 0.45590364933013916, 0.4555123448371887, 0.4557916224002838, 0.4552740156650543], "Salida_Reconstruccion_Xp_loss": [0.38388219475746155, 0.283157616853714, 0.27267807722091675, 0.26210275292396545, 0.2565479278564453, 0.25348877906799316, 0.2508622109889984, 0.24939365684986115, 0.2489260584115982, 0.24826426804065704, 0.246900275349617, 0.24562527239322662, 0.24496878683567047, 0.24311459064483643, 0.24267759919166565, 0.2408546805381775, 0.2405233234167099, 0.24114173650741577, 0.24080251157283783, 0.23912768065929413, 0.23910006880760193, 0.23873208463191986, 0.2384365350008011, 0.23816920816898346, 0.23785261809825897, 0.237437441945076, 0.23781858384609222, 0.23744367063045502, 0.2374957799911499, 0.23721317946910858, 0.23689594864845276, 0.2369498312473297, 0.23784208297729492, 0.2360338568687439, 0.23636791110038757, 0.23574481904506683, 0.23543576896190643, 0.23521707952022552, 0.23360998928546906, 0.23580805957317352, 0.23446157574653625, 0.2339063584804535, 0.2345210611820221, 0.2336590737104416, 0.2336786538362503, 0.2346835434436798, 0.23380567133426666, 0.23386329412460327, 0.2344873994588852, 0.2339860051870346, 0.23430995643138885, 0.23335085809230804, 0.23398058116436005, 0.23404231667518616, 0.23294416069984436, 0.23302778601646423, 0.23479999601840973, 0.23390820622444153, 0.2326611876487732, 0.23366622626781464, 0.23430873453617096, 0.23275145888328552, 0.23393003642559052, 0.2322666496038437, 0.23141543567180634, 0.23169134557247162, 0.23309704661369324, 0.23249797523021698, 0.2314912974834442, 0.23188014328479767, 0.2326638400554657, 0.23185572028160095, 0.23439238965511322, 0.2327927201986313, 0.2326907217502594, 0.23138685524463654, 0.23303209245204926, 0.23324529826641083, 0.23266839981079102, 0.23171097040176392, 0.23257215321063995, 0.23178672790527344, 0.22988027334213257, 0.23106041550636292, 0.23336288332939148, 0.23179665207862854, 0.23078317940235138, 0.2317778319120407, 0.22991779446601868, 0.23168940842151642, 0.23255594074726105, 0.23160803318023682, 0.230447918176651, 0.23235908150672913, 0.231772318482399, 0.23069672286510468], "loss": [0.4966357350349426, 0.44181492924690247, 0.43308305740356445, 0.42685362696647644, 0.42281022667884827, 0.4200282692909241, 0.4179195463657379, 0.41647836565971375, 0.4154757857322693, 0.4141131639480591, 0.4131608307361603, 0.4117503762245178, 0.41088032722473145, 0.40969958901405334, 0.40901419520378113, 0.4078492820262909, 0.4072045087814331, 0.40697547793388367, 0.40647849440574646, 0.4055449664592743, 0.4049643576145172, 0.40437790751457214, 0.40402114391326904, 0.4034353792667389, 0.4031239151954651, 0.4026113450527191, 0.40253782272338867, 0.40192803740501404, 0.40181440114974976, 0.4013949930667877, 0.40122199058532715, 0.4008634090423584, 0.400899201631546, 0.40011608600616455, 0.4001310169696808, 0.39964041113853455, 0.39948898553848267, 0.3992023169994354, 0.3985215127468109, 0.39892077445983887, 0.39853784441947937, 0.39819464087486267, 0.3983626961708069, 0.3976942002773285, 0.3975740075111389, 0.3977721035480499, 0.3974513113498688, 0.39715903997421265, 0.39726072549819946, 0.39676332473754883, 0.3964815139770508, 0.3960117697715759, 0.3962855637073517, 0.39572861790657043, 0.3954373598098755, 0.3951524794101715, 0.3953811824321747, 0.39496341347694397, 0.39432206749916077, 0.39462390542030334, 0.39448216557502747, 0.39345669746398926, 0.3938544690608978, 0.39297056198120117, 0.3926825523376465, 0.3920879662036896, 0.39250725507736206, 0.39200127124786377, 0.392012357711792, 0.3916967511177063, 0.3917042016983032, 0.39112380146980286, 0.39184054732322693, 0.39112088084220886, 0.3911721706390381, 0.39080581068992615, 0.39133381843566895, 0.3907974660396576, 0.39099007844924927, 0.39018741250038147, 0.39043888449668884, 0.3897467255592346, 0.3894677758216858, 0.38948380947113037, 0.39009204506874084, 0.38946467638015747, 0.3891780376434326, 0.3890954256057739, 0.3888203799724579, 0.388759046792984, 0.3893198072910309, 0.38867440819740295, 0.38826653361320496, 0.38856735825538635, 0.3885851204395294, 0.38790228962898254],