{"Salida_Clasificacion_Yp_accuracy": [0.8958428502082825, 0.9566285610198975, 0.9610000252723694, 0.9628571271896362, 0.9643571376800537, 0.9658285975456238, 0.966957151889801, 0.967114269733429, 0.9677428603172302, 0.968585729598999, 0.9680285453796387, 0.9687857031822205, 0.9692857265472412, 0.9692428708076477, 0.9699000120162964, 0.9700999855995178, 0.9690999984741211, 0.9698143005371094, 0.9701142907142639, 0.9705857038497925, 0.970885694026947, 0.9705142974853516, 0.9711999893188477, 0.9708142876625061, 0.9712285995483398, 0.9711571335792542, 0.970885694026947, 0.9716714024543762, 0.9719571471214294, 0.9716571569442749, 0.9713571667671204, 0.9723571538925171, 0.9718999862670898, 0.9719142913818359, 0.9722856879234314, 0.9719428420066833, 0.9717000126838684, 0.9728142619132996, 0.9718714356422424, 0.9724571704864502, 0.9719856977462769, 0.9725571274757385, 0.9724714159965515, 0.9724143147468567, 0.9728714227676392, 0.9724000096321106, 0.9727285504341125, 0.9728714227676392, 0.9729285836219788, 0.9729571342468262, 0.9725428819656372, 0.9727571606636047, 0.9729714393615723], "Salida_Clasificacion_Yp_loss": [0.3003520369529724, 0.10590041428804398, 0.09490761160850525, 0.08951496332883835, 0.08537250757217407, 0.08201238512992859, 0.07989001274108887, 0.07912290841341019, 0.07793515175580978, 0.07645193487405777, 0.07597295194864273, 0.07528829574584961, 0.07419361919164658, 0.07397927343845367, 0.07306135445833206, 0.07253488898277283, 0.07309848070144653, 0.07210630178451538, 0.0716577023267746, 0.0713917538523674, 0.07075674086809158, 0.07015389949083328, 0.07017465680837631, 0.07012220472097397, 0.06918658316135406, 0.06942644715309143, 0.06874005496501923, 0.0689905509352684, 0.06877360492944717, 0.06823814660310745, 0.06876872479915619, 0.06714297831058502, 0.06834178417921066, 0.06747731566429138, 0.06711551547050476, 0.06734755635261536, 0.0673261508345604, 0.06654517352581024, 0.06668531894683838, 0.06602583080530167, 0.06658053398132324, 0.06669891625642776, 0.06624492257833481, 0.065813809633255, 0.06527642905712128, 0.06554029136896133, 0.06594221293926239, 0.0648680180311203, 0.06474586576223373, 0.06534877419471741, 0.06507927179336548, 0.06508571654558182, 0.06409412622451782], "Salida_Reconstruccion_Xp_loss": [0.7471880912780762, 0.5257642269134521, 0.4574423134326935, 0.42841219902038574, 0.4137387275695801, 0.40292444825172424, 0.39202964305877686, 0.38035526871681213, 0.3694179952144623, 0.36010080575942993, 0.3523486852645874, 0.34604960680007935, 0.3412380814552307, 0.33732134103775024, 0.33364036679267883, 0.33089953660964966, 0.3282308578491211, 0.3260537385940552, 0.32462701201438904, 0.32268866896629333, 0.32087159156799316, 0.31934306025505066, 0.31787821650505066, 0.3168301284313202, 0.315807044506073, 0.31445935368537903, 0.31363943219184875, 0.3128074109554291, 0.3118894398212433, 0.311323344707489, 0.31044238805770874, 0.3095417022705078, 0.3090325593948364, 0.30837103724479675, 0.3073565363883972, 0.30705156922340393, 0.30646005272865295, 0.30609965324401855, 0.3053344488143921, 0.3048693537712097, 0.304090291261673, 0.30377861857414246, 0.3039293885231018, 0.30323001742362976, 0.30260151624679565, 0.3023335933685303, 0.3018873333930969, 0.30151546001434326, 0.3012392222881317, 0.30099809169769287, 0.3006339967250824, 0.3004800081253052, 0.29972049593925476], "loss": [0.43439871072769165, 0.2318776398897171, 0.20367860794067383, 0.1911822408437729, 0.18387942016124725, 0.1782851219177246, 0.17351973056793213, 0.16949763894081116, 0.16538897156715393, 0.16154058277606964, 0.15888485312461853, 0.1565226912498474, 0.15431401133537292, 0.15298758447170258, 0.15122008323669434, 0.15005037188529968, 0.1496284157037735, 0.14829730987548828, 0.14754143357276917, 0.14678455889225006, 0.14579139649868011, 0.14490848779678345, 0.14448897540569305, 0.144114688038826, 0.14318318665027618, 0.14293578267097473, 0.1422150880098343, 0.14209945499897003, 0.14171192049980164, 0.14116042852401733, 0.14126941561698914, 0.13986210525035858, 0.1405530571937561, 0.13975006341934204, 0.13917751610279083, 0.13926437497138977, 0.1390688270330429, 0.13841277360916138, 0.1382903754711151, 0.13768835365772247, 0.13784021139144897, 0.13781435787677765, 0.13754431903362274, 0.13701817393302917, 0.13646753132343292, 0.13658541440963745, 0.13673332333564758, 0.1358703374862671, 0.1356845498085022, 0.1360437572002411, 0.13574665784835815, 0.13568653166294098, 0.13478493690490723], "val_Salida_Clasificacion_Yp_accuracy": [0.955133318901062, 0.9609333276748657, 0.9598000049591064, 0.9653333425521851, 0.9646666646003723, 0.9672666788101196, 0.9693333506584167, 0.968999981880188, 0.9670000076293945, 0.9675333499908447, 0.9697333574295044, 0.9702666401863098, 0.9696000218391418, 0.971666693687439, 0.9726666808128357, 0.9682000279426575, 0.9701333045959473, 0.972266674041748, 0.9653333425521851, 0.9718666672706604, 0.9727333188056946, 0.9715999960899353, 0.9700000286102295, 0.9711999893188477, 0.9732666611671448, 0.972599983215332, 0.9729333519935608, 0.9715999960899353, 0.9715999960899353, 0.9724666476249695, 0.9735999703407288, 0.9739999771118164, 0.9733999967575073, 0.9749333262443542, 0.9728000164031982, 0.9714000225067139, 0.9740666747093201, 0.9715333580970764, 0.9746000170707703, 0.974133312702179, 0.9740666747093201, 0.9728666543960571, 0.9753999710083008, 0.9715999960899353, 0.973800003528595, 0.9719333052635193, 0.9742666482925415, 0.9748666882514954, 0.9748666882514954, 0.974133312702179, 0.9721333384513855, 0.9739333391189575, 0.9710666537284851], "val_Salida_Clasificacion_Yp_loss": [0.11256642639636993, 0.10110550373792648, 0.09131553769111633, 0.08345591276884079, 0.08073596656322479, 0.07948970049619675, 0.07623809576034546, 0.07558299601078033, 0.07682858407497406, 0.07422461360692978, 0.0731113851070404, 0.07291552424430847, 0.07225893437862396, 0.06916818767786026, 0.06977678835391998, 0.07811130583286285, 0.07070490717887878, 0.06799685209989548, 0.07941748946905136, 0.06698913127183914, 0.06810620427131653, 0.06793858855962753, 0.0712134838104248, 0.0696047693490982, 0.0669589415192604, 0.06516674906015396, 0.06397458910942078, 0.06548146158456802, 0.06459221243858337, 0.06514847278594971, 0.06368695944547653, 0.06336236000061035, 0.06781286001205444, 0.06274715811014175, 0.06394857168197632, 0.06612474471330643, 0.06256129592657089, 0.06749546527862549, 0.060484014451503754, 0.06165291741490364, 0.061876554042100906, 0.06531801074743271, 0.06190430000424385, 0.06430549174547195, 0.06379439681768417, 0.06760283559560776, 0.06295669078826904, 0.060719385743141174, 0.06160030886530876, 0.062065239995718, 0.06369143724441528, 0.060942403972148895, 0.06544031947851181], "val_Salida_Reconstruccion_Xp_loss": [0.5972824692726135, 0.47944706678390503, 0.43618810176849365, 0.4171035587787628, 0.4053039252758026, 0.3954140245914459, 0.3833744525909424, 0.3715754747390747, 0.36187323927879333, 0.35248756408691406, 0.3467366397380829, 0.34000661969184875, 0.33649328351020813, 0.3338009715080261, 0.330865740776062, 0.32856249809265137, 0.3235652446746826, 0.3230074942111969, 0.3215136229991913, 0.31896069645881653, 0.317911297082901, 0.31605827808380127, 0.3140358328819275, 0.3138658106327057, 0.3117237091064453, 0.3113556504249573, 0.31111955642700195, 0.3094828128814697, 0.3080194592475891, 0.307751327753067, 0.30713459849357605, 0.3069095015525818, 0.30688318610191345, 0.3054007589817047, 0.3049837052822113, 0.30438855290412903, 0.3036843240261078, 0.303842157125473, 0.30202487111091614, 0.301178902387619, 0.30267006158828735, 0.3007936179637909, 0.30076175928115845, 0.2997022569179535, 0.29967206716537476, 0.2997312843799591, 0.2988925278186798, 0.2978731393814087, 0.29828545451164246, 0.2977066934108734, 0.29770639538764954, 0.29626283049583435, 0.297740638256073],